player_id,name,position,jersey_number,weight,height,country_code,id_team,picture_url,dob,age,position_desc,team_name,team_abbr
48732,Nasser Drid,0,1,,,ALG,43843,,1957-01-22,29.4,Goalkeeper,Algeria,ALG
50294,Mahmoud Guendouz,1,2,,,ALG,43843,,1953-02-24,33.3,Defender,Algeria,ALG
47583,Fathi Chebel,2,3,,,ALG,43843,,1956-08-19,29.8,Midfielder,Algeria,ALG
52445,Nordine Kourichi,1,4,,,ALG,43843,,1954-04-12,32.1,Defender,Algeria,ALG
53026,Abdellah Medjadi,1,5,,,ALG,43843,,1957-12-01,28.5,Defender,Algeria,ALG
51745,Mohamed Kaci Said,2,6,,,ALG,43843,,1958-05-02,28.1,Midfielder,Algeria,ALG
45875,Salah Assad,3,7,,,ALG,43843,,1958-06-10,28.0,Striker,Algeria,ALG
53674,Karim Maroc,2,8,,,ALG,43843,,1958-03-05,28.2,Midfielder,Algeria,ALG
54072,Djamel Menad,3,9,,,ALG,43843,,1960-07-22,25.9,Striker,Algeria,ALG
43897,Lakhdar Belloumi,2,10,,,ALG,43843,,1958-12-29,27.4,Midfielder,Algeria,ALG
53379,Rabah Madjer,3,11,,,ALG,43843,,1958-12-15,27.5,Striker,Algeria,ALG
46465,Tedj Bensaoula,3,12,,,ALG,43843,,1954-12-01,31.5,Striker,Algeria,ALG
50611,Rachid Harkouk,3,13,,,ALG,43843,,1956-05-19,30.0,Striker,Algeria,ALG
60352,Djamel Zidane,2,14,,,ALG,43843,,1955-04-28,31.1,Midfielder,Algeria,ALG
57295,Abdelhamid Sadmi,1,15,,,ALG,43843,,1961-01-01,25.4,Defender,Algeria,ALG
53585,Faouzi Mansouri,1,16,,,ALG,43843,,1956-01-17,30.4,Defender,Algeria,ALG
46456,Fawzi Benkhalidi,2,17,,,ALG,43843,,1963-02-03,23.3,Midfielder,Algeria,ALG
46414,Alim Ben Mabrouk,2,18,,,ALG,43843,,1960-06-25,25.9,Midfielder,Algeria,ALG
47465,Mohamed Chaib,1,19,,,ALG,43843,,1958-05-20,28.0,Defender,Algeria,ALG
53397,Fadil Megharia,1,20,,,ALG,43843,,1961-05-23,25.0,Defender,Algeria,ALG
52746,Larbi El Hadi,0,21,,,ALG,43843,,1961-05-27,25.0,Goalkeeper,Algeria,ALG
45515,Mourad Amara,0,22,,,ALG,43843,,1959-02-19,27.3,Goalkeeper,Algeria,ALG
69347,Sergio Almiron,3,1,,,ARG,43922,,1958-11-18,27.5,Striker,Argentina,ARG
174382,Sergio Batista,2,2,,183.0,ARG,43922,,1962-11-09,23.6,Midfielder,Argentina,ARG
174411,Ricardo Bochini,2,3,,,ARG,43922,,1954-01-25,32.3,Midfielder,Argentina,ARG
46792,Claudio Borghi,2,4,,,ARG,43922,,1964-09-28,21.7,Midfielder,Argentina,ARG
174434,Jose Brown,1,5,,,ARG,43922,,1956-11-10,29.6,Defender,Argentina,ARG
174840,Daniel Passarella,1,6,,,ARG,43922,,1953-05-25,33.0,Defender,Argentina,ARG
174440,Jorge Burruchaga,2,7,,,ARG,43922,,1962-10-09,23.6,Midfielder,Argentina,ARG
47827,Nestor Clausen,1,8,,,ARG,43922,,1962-09-29,23.7,Defender,Argentina,ARG
174484,Jose Cuciuffo,1,9,,,ARG,43922,,1961-02-01,25.3,Defender,Argentina,ARG
174732,Diego Maradona,2,10,,169.0,ARG,43922,,1960-10-30,25.6,Midfielder,Argentina,ARG
44707,Jorge Valdano,3,11,,,ARG,43922,,1955-10-04,30.7,Striker,Argentina,ARG
174524,Hector Enrique,2,12,,,ARG,43922,,1962-04-26,24.1,Midfielder,Argentina,ARG
49800,Oscar Garre,1,13,,174.0,ARG,43922,,1956-12-09,29.5,Defender,Argentina,ARG
174564,Ricardo Giusti,2,14,,,ARG,43922,,1956-12-11,29.5,Midfielder,Argentina,ARG
51311,Luis Islas,0,15,,,ARG,43922,,1965-12-22,20.4,Goalkeeper,Argentina,ARG
174816,Julio Olarticoechea,1,16,79.0,176.0,ARG,43922,,1958-10-18,27.6,Defender,Argentina,ARG
55975,Pedro Pasculli,3,17,,,ARG,43922,,1960-05-17,26.0,Striker,Argentina,ARG
174885,Nery Pumpido,0,18,,,ARG,43922,,1957-07-30,28.8,Goalkeeper,Argentina,ARG
44585,Oscar Ruggeri,1,19,,,ARG,43922,,1962-01-26,24.3,Defender,Argentina,ARG
58761,Carlos Tapia,2,20,,,ARG,43922,,1962-08-20,23.8,Midfielder,Argentina,ARG
44703,Marcelo Trobbiani,2,21,,,ARG,43922,,1955-02-17,31.3,Midfielder,Argentina,ARG
69325,Hector Zelada,0,22,,,ARG,43922,,1957-04-30,29.1,Goalkeeper,Argentina,ARG
174857,Jean Marie Pfaff,0,1,,,BEL,43935,,1953-12-04,32.5,Goalkeeper,Belgium,BEL
174557,Eric Gerets,1,2,,,BEL,43935,,1954-05-18,32.0,Defender,Belgium,BEL
44715,Franky Van Der Elst,1,3,,,BEL,43935,,1961-04-30,25.1,Defender,Belgium,BEL
174496,Michel De Wolf,1,4,,,BEL,43935,,1958-01-19,28.4,Defender,Belgium,BEL
56809,Michel Renquin,1,5,,,BEL,43935,,1955-11-03,30.6,Defender,Belgium,BEL
44728,Frank Vercauteren,2,6,,,BEL,43935,,1956-10-28,29.6,Midfielder,Belgium,BEL
59443,Rene Vandereycken,2,7,,,BEL,43935,,1953-07-22,32.9,Midfielder,Belgium,BEL
44619,Enzo Scifo,2,8,,,BEL,43935,,1966-02-19,20.3,Midfielder,Belgium,BEL
44723,Erwin Vandenbergh,3,9,,,BEL,43935,,1959-01-26,27.3,Striker,Belgium,BEL
48462,Philippe Desmet,3,10,,,BEL,43935,,1958-11-29,27.5,Striker,Belgium,BEL
43988,Jan Ceulemans,2,11,,,BEL,43935,,1957-02-28,29.3,Midfielder,Belgium,BEL
54723,Jacques Munaron,0,12,,,BEL,43935,,1956-09-08,29.7,Goalkeeper,Belgium,BEL
166579,Georges Grun,1,13,,,BEL,43935,,1962-01-25,24.3,Defender,Belgium,BEL
174473,Leo Clijsters,1,14,,,BEL,43935,,1956-11-06,29.6,Defender,Belgium,BEL
59398,Leo Van Der Elst,2,15,,,BEL,43935,,1962-01-07,24.4,Midfielder,Belgium,BEL
44006,Nico Claesen,3,16,,,BEL,43935,,1962-10-01,23.7,Striker,Belgium,BEL
54419,Raymond Mommens,2,17,,,BEL,43935,,1958-12-27,27.4,Midfielder,Belgium,BEL
59586,Daniel Veyt,3,18,,,BEL,43935,,1956-12-09,29.5,Striker,Belgium,BEL
46980,Hugo Broos,1,19,,,BEL,43935,,1952-04-10,34.1,Defender,Belgium,BEL
174412,Gilbert Bodart,0,20,,,BEL,43935,,1962-09-02,23.7,Goalkeeper,Belgium,BEL
44042,Stephane Demol,1,21,,,BEL,43935,,1966-03-11,20.2,Defender,Belgium,BEL
44731,Patrick Vervoort,1,22,,,BEL,43935,,1965-01-17,21.4,Defender,Belgium,BEL
63623,Carlos,0,1,,,BRA,43924,,1956-03-04,30.2,Goalkeeper,Brazil,BRA
63624,Edson,1,2,,,BRA,43924,,1959-07-03,26.9,Defender,Brazil,BRA
63648,Oscar,1,3,,,BRA,43924,,1954-06-20,31.9,Defender,Brazil,BRA
179502,Edinho,1,4,,,BRA,43924,,1955-06-05,31.0,Defender,Brazil,BRA
63630,Falcao,2,5,,,BRA,43924,,1953-10-16,32.6,Midfielder,Brazil,BRA
252326,Junior,1,6,,,BRA,43924,,1954-06-29,31.9,Defender,Brazil,BRA
63524,Muller,3,7,,,BRA,43924,,1966-01-31,20.3,Striker,Brazil,BRA
63629,Casagrande,3,8,,,BRA,43924,,1963-04-15,23.1,Striker,Brazil,BRA
55528,Careca,3,9,,,BRA,43924,,1960-10-05,25.7,Striker,Brazil,BRA
63650,Zico,2,10,,,BRA,43924,,1953-03-03,33.2,Midfielder,Brazil,BRA
181090,Edivaldo,3,11,,,BRA,43924,,1962-04-13,24.1,Striker,Brazil,BRA
69346,Paulo Vitor,0,12,,,BRA,43924,,1957-06-07,29.0,Goalkeeper,Brazil,BRA
63548,Josimar,1,13,,,BRA,43924,,1961-09-19,24.7,Defender,Brazil,BRA
163090,Julio Cesar,1,14,,,BRA,43924,,1963-03-08,23.2,Defender,Brazil,BRA
63521,Alemao,2,15,,,BRA,43924,,1961-11-22,24.5,Midfielder,Brazil,BRA
168114,Mauro Galvao,1,16,,,BRA,43924,,1961-12-19,24.4,Defender,Brazil,BRA
63517,Branco,1,17,,,BRA,43924,,1964-04-04,22.2,Defender,Brazil,BRA
63627,Socrates,2,18,,,BRA,43924,,1954-02-19,32.3,Midfielder,Brazil,BRA
49035,Elzo,2,19,,,BRA,43924,,1961-01-22,25.4,Midfielder,Brazil,BRA
63526,Silas,2,20,,,BRA,43924,,1965-08-27,20.8,Midfielder,Brazil,BRA
63522,Valdo,2,21,,,BRA,43924,,1964-01-12,22.4,Midfielder,Brazil,BRA
63902,Leao,0,22,,,BRA,43924,,1949-07-11,36.9,Goalkeeper,Brazil,BRA
185202,Borislav Mihaylov,0,1,,,BUL,43936,,1963-02-12,23.3,Goalkeeper,Bulgaria,BUL
58105,Nasko Sirakov,2,2,,,BUL,43936,,1962-04-26,24.1,Midfielder,Bulgaria,BUL
45732,Nikolai Arabov,1,3,,,BUL,43936,,1953-11-14,32.5,Defender,Bulgaria,BUL
56204,Petar Petrov,1,4,,,BUL,43936,,1961-02-20,25.3,Defender,Bulgaria,BUL
160820,Georgi Dimitrov,1,5,,,BUL,43936,,1959-01-14,27.4,Defender,Bulgaria,BUL
51512,Andrei Zhelyazkov,2,6,,,BUL,43936,,1952-07-09,33.9,Midfielder,Bulgaria,BUL
51310,Bozhidar Iskrenov,3,7,,,BUL,43936,,1962-08-01,23.8,Striker,Bulgaria,BUL
57294,Ayan Sadkov,2,8,,,BUL,43936,,1961-09-26,24.7,Midfielder,Bulgaria,BUL
54319,Stoicho Mladenov,3,9,,,BUL,43936,,1957-04-12,29.1,Striker,Bulgaria,BUL
50165,Zhivko Gospodinov,2,10,,,BUL,43936,,1957-09-06,28.7,Midfielder,Bulgaria,BUL
49898,Plamen Getov,2,11,,,BUL,43936,,1959-03-04,27.2,Midfielder,Bulgaria,BUL
60302,Radoslav Zdravkov,1,12,,,BUL,43936,,1956-07-30,29.8,Defender,Bulgaria,BUL
53663,Aleksandar Markov,1,13,,,BUL,43936,,1961-08-17,24.8,Defender,Bulgaria,BUL
53664,Plamen Markov,2,14,,,BUL,43936,,1957-09-11,28.7,Midfielder,Bulgaria,BUL
51649,Georgi Yordanov,2,15,,,BUL,43936,,1963-07-21,22.9,Midfielder,Bulgaria,BUL
69322,Vasil Dragolov,3,16,,,BUL,43936,,1962-08-17,23.8,Striker,Bulgaria,BUL
52342,Hristo Kolev,2,17,,,BUL,43936,,1964-09-21,21.7,Midfielder,Bulgaria,BUL
59540,Boycho Velichkov,3,18,,,BUL,43936,,1958-08-13,27.8,Striker,Bulgaria,BUL
55799,Atanas Pashev,2,19,,,BUL,43936,,1963-11-21,22.5,Midfielder,Bulgaria,BUL
181197,Kostadin Kostadinov,3,20,,,BUL,43936,,1959-06-25,26.9,Striker,Bulgaria,BUL
181091,Ilia Dyakov,1,21,,,BUL,43936,,1963-09-28,22.7,Defender,Bulgaria,BUL
59374,Ilia Valov,0,22,,,BUL,43936,,1961-12-29,24.4,Goalkeeper,Bulgaria,BUL
52968,Tino Lettieri,0,1,,,CAN,43899,,1957-09-27,28.7,Goalkeeper,Canada,CAN
52930,Bob Lenarduzzi,1,2,,,CAN,43899,,1955-05-01,31.1,Defender,Canada,CAN
59972,Bruce Wilson,1,3,,,CAN,43899,,1951-06-20,34.9,Defender,Canada,CAN
56593,Randy Ragan,2,4,,,CAN,43899,,1959-06-07,27.0,Midfielder,Canada,CAN
54466,Terence Moore,1,5,,,CAN,43899,,1958-06-02,28.0,Defender,Canada,CAN
46947,Ian Bridge,1,6,,,CAN,43899,,1959-09-18,26.7,Defender,Canada,CAN
59356,Carl Valentine,3,7,,,CAN,43899,,1958-07-04,27.9,Striker,Canada,CAN
50213,Gerry Gray,2,8,,,CAN,43899,,1961-01-20,25.4,Midfielder,Canada,CAN
57783,Branko Segota,3,9,,,CAN,43899,,1961-06-08,25.0,Striker,Canada,CAN
59728,Igor Vrablic,3,10,,,CAN,43899,,1965-07-19,20.9,Striker,Canada,CAN
58636,Mike Sweeney,2,11,,,CAN,43899,,1959-12-25,26.4,Midfielder,Canada,CAN
57475,Randy Samuel,1,12,,,CAN,43899,,1963-12-23,22.4,Defender,Canada,CAN
55829,George Pakos,2,13,,,CAN,43899,,1952-08-14,33.8,Midfielder,Canada,CAN
54294,Dale Mitchell,3,14,,,CAN,43899,,1958-04-21,28.1,Striker,Canada,CAN
51427,Paul James,2,15,,,CAN,43899,,1963-11-11,22.6,Midfielder,Canada,CAN
181118,Gregory Ion,2,16,,,CAN,43899,,1963-03-12,23.2,Midfielder,Canada,CAN
169630,David Norman,2,17,,,CAN,43899,,1962-05-06,24.1,Midfielder,Canada,CAN
53227,James Lowery,2,18,,,CAN,43899,,1961-01-15,25.4,Midfielder,Canada,CAN
48317,Pasquale De Luca,2,19,,,CAN,43899,,1962-05-26,24.0,Midfielder,Canada,CAN
54251,Colin Miller,1,20,,,CAN,43899,,1964-10-04,21.7,Defender,Canada,CAN
50415,Sven Habermann,0,21,,,CAN,43899,,1961-11-03,24.6,Goalkeeper,Canada,CAN
48652,Paul Dolan,0,22,,,CAN,43899,,1966-04-16,20.1,Goalkeeper,Canada,CAN
56714,Trols Rasmussen,0,1,,,DEN,43941,,1961-04-07,25.1,Goalkeeper,Denmark,DEN
58113,John Sivebaek,1,2,,,DEN,43941,,1961-10-25,24.6,Defender,Denmark,DEN
47090,Soren Busk,1,3,,,DEN,43941,,1953-04-10,33.1,Defender,Denmark,DEN
174819,Morten Olsen,1,4,,187.0,DEN,43941,,1949-08-14,36.8,Defender,Denmark,DEN
174803,Ivan Nielsen,1,5,,,DEN,43941,,1956-10-09,29.6,Defender,Denmark,DEN
52953,Soren Lerby,2,6,,,DEN,43941,,1958-02-01,28.3,Midfielder,Denmark,DEN
54406,Jan Molby,2,7,,,DEN,43941,,1963-07-04,22.9,Midfielder,Denmark,DEN
55555,Jesper Olsen,2,8,,,DEN,43941,,1961-03-20,25.2,Midfielder,Denmark,DEN
46491,Klaus Berggreen,2,9,,,DEN,43941,,1958-02-03,28.3,Midfielder,Denmark,DEN
174520,Preben Elkjaer Larsen,3,10,,,DEN,43941,,1957-09-11,28.7,Striker,Denmark,DEN
44298,Michael Laudrup,2,11,,,DEN,43941,,1964-06-15,22.0,Midfielder,Denmark,DEN
46532,Jens Bertelsen,1,12,,,DEN,43941,,1952-02-15,34.3,Defender,Denmark,DEN
49615,Per Frimann,2,13,,,DEN,43941,,1962-06-04,24.0,Midfielder,Denmark,DEN
44641,Allan Simonsen,3,14,,,DEN,43941,,1952-12-15,33.5,Striker,Denmark,DEN
45799,Frank Arnesen,2,15,,,DEN,43941,,1956-09-30,29.7,Midfielder,Denmark,DEN
56546,Ole Qvist,0,16,,,DEN,43941,,1950-02-25,36.3,Goalkeeper,Denmark,DEN
55135,Kent Nielsen,1,17,,,DEN,43941,,1961-12-28,24.4,Defender,Denmark,DEN
47730,Flemming Christensen,3,18,,,DEN,43941,,1958-04-10,28.1,Striker,Denmark,DEN
49091,John Eriksen,3,19,,,DEN,43941,,1957-11-20,28.5,Striker,Denmark,DEN
46270,Jan Bartram,2,20,,,DEN,43941,,1962-03-06,24.2,Midfielder,Denmark,DEN
45574,Henrik Andersen,1,21,,,DEN,43941,,1965-05-07,21.1,Defender,Denmark,DEN
50955,Lars Hogh,0,22,,181.0,DEN,43941,,1959-01-14,27.4,Goalkeeper,Denmark,DEN
44637,Peter Shilton,0,1,,,ENG,43942,,1949-09-18,36.7,Goalkeeper,England,ENG
44663,Gary Stevens,1,2,,,ENG,43942,,1963-03-27,23.2,Defender,England,ENG
57540,Kenny Sansom,1,3,,,ENG,43942,,1958-09-26,27.7,Defender,England,ENG
174608,Glenn Hoddle,2,4,,,ENG,43942,,1957-10-27,28.6,Midfielder,England,ENG
167893,Alvin Martin,1,5,,,ENG,43942,,1958-07-29,27.8,Defender,England,ENG
174441,Terry Butcher,1,6,,,ENG,43942,,1958-12-28,27.4,Defender,England,ENG
44573,Bryan Robson,2,7,,,ENG,43942,,1957-01-11,29.4,Midfielder,England,ENG
44753,Ray Wilkins,2,8,,,ENG,43942,,1956-09-14,29.7,Midfielder,England,ENG
50696,Mark Hateley,3,9,,,ENG,43942,,1961-11-07,24.6,Striker,England,ENG
174708,Gary Lineker,3,10,,,ENG,43942,,1960-11-30,25.5,Striker,England,ENG
44745,Chris Waddle,2,11,,,ENG,43942,,1960-12-14,25.5,Midfielder,England,ENG
159839,Viv Anderson,1,12,,,ENG,43942,,1956-07-29,29.8,Defender,England,ENG
95554,Chris Woods,0,13,,,ENG,43942,,1959-11-14,26.5,Goalkeeper,England,ENG
49325,Terry Fenwick,1,14,,,ENG,43942,,1959-11-17,26.5,Defender,England,ENG
69354,Gary A. Stevens,1,15,,,ENG,43942,,1962-03-30,24.2,Defender,England,ENG
56777,Peter Reid,2,16,,,ENG,43942,,1956-06-20,29.9,Midfielder,England,ENG
44662,Trevor Steven,2,17,,,ENG,43942,,1963-09-21,22.7,Midfielder,England,ENG
174609,Steve Hodge,2,18,,,ENG,43942,,1962-10-25,23.6,Midfielder,England,ENG
174378,John Barnes,2,19,,,ENG,43942,,1963-11-07,22.6,Midfielder,England,ENG
174384,Peter Beardsley,3,20,,,ENG,43942,,1961-01-18,25.4,Striker,England,ENG
48608,Kerry Dixon,3,21,,,ENG,43942,,1961-07-24,24.9,Striker,England,ENG
46078,Gary Bailey,0,22,,,ENG,43942,,1958-08-09,27.8,Goalkeeper,England,ENG
160350,Joel Bats,0,1,,,FRA,43946,,1957-01-04,29.4,Goalkeeper,France,FRA
45546,Manuel Amoros,1,2,,,FRA,43946,,1962-02-01,24.3,Defender,France,FRA
45969,William Ayache,1,3,,,FRA,43946,,1961-01-10,25.4,Defender,France,FRA
46312,Patrick Battiston,1,4,,,FRA,43946,,1957-03-12,29.2,Defender,France,FRA
46568,Michel Bibard,1,5,,,FRA,43946,,1958-11-30,27.5,Defender,France,FRA
174423,Maxime Bossis,1,6,,,FRA,43946,,1955-06-26,30.9,Defender,France,FRA
52836,Yvon Le Roux,1,7,,,FRA,43946,,1960-03-19,26.2,Defender,France,FRA
59233,Thierry Tusseau,1,8,,,FRA,43946,,1958-01-19,28.4,Defender,France,FRA
174535,Luis Fernandez,2,9,,,FRA,43946,,1959-10-02,26.7,Midfielder,France,FRA
28528,Michel Platini,2,10,,,FRA,43946,,1955-06-21,30.9,Midfielder,France,FRA
49383,Jean-Marc Ferreri,2,11,,,FRA,43946,,1962-12-26,23.4,Midfielder,France,FRA
174563,Alain Giresse,2,12,,,FRA,43946,,1952-08-02,33.8,Midfielder,France,FRA
174554,Bernard Genghini,2,13,,,FRA,43946,,1958-01-18,28.4,Midfielder,France,FRA
44690,Jean Tigana,2,14,,,FRA,43946,,1955-06-23,30.9,Midfielder,France,FRA
59558,Philippe Vercruysse,2,15,,,FRA,43946,,1962-01-28,24.3,Midfielder,France,FRA
46392,Bruno Bellone,3,16,,,FRA,43946,,1962-03-14,24.2,Striker,France,FRA
95450,Jean-Pierre Papin,3,17,,,FRA,43946,,1963-11-05,22.6,Striker,France,FRA
44577,Dominique Rocheteau,3,18,,,FRA,43946,,1955-01-14,31.4,Striker,France,FRA
58469,Yannick Stopyra,3,19,,,FRA,43946,,1961-01-09,25.4,Striker,France,FRA
60083,Daniel Xuereb,3,20,,,FRA,43946,,1959-06-22,26.9,Striker,France,FRA
69342,Philippe Bergeroo,0,21,,,FRA,43946,,1954-01-13,32.4,Goalkeeper,France,FRA
57230,Albert Rust,0,22,,,FRA,43946,,1953-10-10,32.6,Goalkeeper,France,FRA
57737,Harald Schumacher,0,1,,,GER,44023,,1954-03-06,32.2,Goalkeeper,Germany FR,FRG
174429,Hans Peter Briegel,1,2,,,GER,44023,,1955-10-11,30.6,Defender,Germany FR,FRG
174427,Andreas Brehme,1,3,,,GER,44023,,1960-11-09,25.6,Defender,Germany FR,FRG
44112,Karl Heinz Foerster,1,4,,,GER,44023,,1958-07-25,27.8,Defender,Germany FR,FRG
50797,Matthias Herget,1,5,,,GER,44023,,1955-11-14,30.5,Defender,Germany FR,FRG
48852,Norbert Eder,1,6,,,GER,44023,,1955-11-07,30.6,Defender,Germany FR,FRG
174711,Pierre Littbarski,2,7,,,GER,44023,,1960-04-16,26.1,Midfielder,Germany FR,FRG
174742,Lothar Matthaeus,2,8,,174.0,GER,44023,,1961-03-21,25.2,Midfielder,Germany FR,FRG
44739,Rudi Voeller,3,9,,,GER,44023,,1960-04-13,26.1,Striker,Germany FR,FRG
174724,Felix Magath,2,10,,,GER,44023,,1953-07-26,32.8,Midfielder,Germany FR,FRG
44587,Karl-Heinz Rummenigge,3,11,,,GER,44023,,1955-09-25,30.7,Striker,Germany FR,FRG
58406,Ulrich Stein,0,12,,,GER,44023,,1954-10-23,31.6,Goalkeeper,Germany FR,FRG
45432,Karl Allgoewer,2,13,,,GER,44023,,1957-01-05,29.4,Midfielder,Germany FR,FRG
174392,Thomas Berthold,1,14,,,GER,44023,,1964-11-12,21.5,Defender,Germany FR,FRG
174359,Klaus Augenthaler,1,15,,,GER,44023,,1957-09-26,28.7,Defender,Germany FR,FRG
44688,Olaf Thon,2,16,,,GER,44023,,1966-05-01,20.1,Midfielder,Germany FR,FRG
51403,Ditmar Jakobs,1,17,,,GER,44023,,1953-08-28,32.8,Defender,Germany FR,FRG
56605,Uwe Rahn,2,18,,,GER,44023,,1962-05-21,24.0,Midfielder,Germany FR,FRG
174339,Klaus Allofs,3,19,,,GER,44023,,1956-12-05,29.5,Striker,Germany FR,FRG
177075,Dieter Hoeness,3,20,,,GER,44023,,1953-01-07,33.4,Striker,Germany FR,FRG
57081,Wolfgang Rolff,2,21,,,GER,44023,,1959-12-26,26.4,Midfielder,Germany FR,FRG
51231,Eike Immel,0,22,,,GER,44023,,1960-11-27,25.5,Goalkeeper,Germany FR,FRG
48605,Peter Disztl,0,1,,,HUN,43950,,1960-03-30,26.2,Goalkeeper,Hungary,HUN
57426,Sandor Sallai,1,2,,,HUN,43950,,1960-03-26,26.2,Defender,Hungary,HUN
57151,Antal Roth,1,3,,,HUN,43950,,1960-09-14,25.7,Defender,Hungary,HUN
59460,Jozsef Varga,1,4,,,HUN,43950,,1954-10-09,31.6,Defender,Hungary,HUN
51874,Jozsef Kardos,1,5,,,HUN,43950,,1960-03-22,26.2,Defender,Hungary,HUN
49752,Imre Garaba,1,6,,,HUN,43950,,1958-07-29,27.8,Defender,Hungary,HUN
95379,Jozsef Kiprich,3,7,,,HUN,43950,,1963-09-06,22.7,Striker,Hungary,HUN
54906,Antal Nagy,1,8,,,HUN,43950,,1956-10-17,29.6,Defender,Hungary,HUN
48188,Laszlo Dajka,2,9,,,HUN,43950,,1959-04-29,27.1,Midfielder,Hungary,HUN
48469,Lajos Detari,2,10,,,HUN,43950,,1963-04-24,23.1,Midfielder,Hungary,HUN
49148,Marton Esterhazy,3,11,,,HUN,43950,,1956-04-09,30.1,Striker,Hungary,HUN
48096,Jozsef Csuhay,1,12,,,HUN,43950,,1957-07-12,28.9,Defender,Hungary,HUN
48604,Laszlo Disztl,1,13,,,HUN,43950,,1962-06-04,24.0,Defender,Hungary,HUN
163061,Zoltan Peter,1,14,,,HUN,43950,,1958-03-23,28.2,Defender,Hungary,HUN
50561,Peter Hannich,2,15,,,HUN,43950,,1957-03-30,29.2,Midfielder,Hungary,HUN
69344,Jozsef Nagy,2,16,,,HUN,43950,,1960-10-21,25.6,Midfielder,Hungary,HUN
47063,Gyozo Burcsa,2,17,,,HUN,43950,,1954-03-13,32.2,Midfielder,Hungary,HUN
58659,Jozsef Szendrei,0,18,,,HUN,43950,,1954-04-25,32.1,Goalkeeper,Hungary,HUN
46719,Gyorgy Bognar,3,19,,,HUN,43950,,1961-11-05,24.6,Striker,Hungary,HUN
52461,Kalman Kovacs,3,20,,,HUN,43950,,1965-09-11,20.7,Striker,Hungary,HUN
50472,Gyula Hajszan,3,21,,,HUN,43950,,1961-10-09,24.6,Striker,Hungary,HUN
45642,Jozsef Andrusch,0,22,,,HUN,43950,,1956-03-31,30.2,Goalkeeper,Hungary,HUN
57435,Hammoudi Raad,0,1,,,IRQ,43818,,1958-04-20,28.1,Goalkeeper,Iraq,IRQ
51174,Maad Ibrahim,1,2,,,IRQ,43818,,1960-06-30,25.9,Defender,Iraq,IRQ
45423,Khalil Mohamed,1,3,,,IRQ,43818,,1958-09-06,27.7,Defender,Iraq,IRQ
57418,Shaker Nadhum,1,4,,,IRQ,43818,,1958-04-13,28.1,Defender,Iraq,IRQ
53436,Shaker Samir,1,5,,,IRQ,43818,,1958-02-28,28.3,Defender,Iraq,IRQ
57943,Ali Hussein,2,6,,,IRQ,43818,,1961-05-05,25.1,Midfielder,Iraq,IRQ
50674,Mohamed Haris,2,7,,,IRQ,43818,,1958-03-03,28.2,Midfielder,Iraq,IRQ
200785,Ahmed Radhi,3,8,,,IRQ,43818,,1964-03-21,22.2,Striker,Iraq,IRQ
54202,Saddam Karim,3,9,,,IRQ,43818,,1960-05-26,26.0,Striker,Iraq,IRQ
26984,Hussain Said Muhammad,3,10,,,IRQ,43818,,1958-01-21,28.4,Striker,Iraq,IRQ
45920,Abdul Rahim,3,11,,,IRQ,43818,,1963-05-23,23.0,Striker,Iraq,IRQ
50541,Ali Jamal,2,12,,,IRQ,43818,,1956-02-02,30.3,Midfielder,Iraq,IRQ
181098,Karim Mohamed,1,13,,,IRQ,43818,,1960-04-01,26.2,Defender,Iraq,IRQ
46282,Bassel Gorgis,2,14,,,IRQ,43818,,1961-09-06,24.7,Midfielder,Iraq,IRQ
44904,Hashem Natik,1,15,,,IRQ,43818,,1960-01-15,26.4,Defender,Iraq,IRQ
50543,Mahmoud Shaker,2,16,,,IRQ,43818,,1960-05-05,26.1,Midfielder,Iraq,IRQ
59238,Obid Annad,1,17,,,IRQ,43818,,1955-08-03,30.8,Defender,Iraq,IRQ
57914,Mohamed Ismail,2,18,,,IRQ,43818,,1962-04-17,24.1,Midfielder,Iraq,IRQ
51930,Qassim Bassim,2,19,,,IRQ,43818,,1959-03-22,27.2,Midfielder,Iraq,IRQ
51476,Insayaf Abdulfattah,0,20,,,IRQ,43818,,1951-02-02,35.3,Goalkeeper,Iraq,IRQ
45130,Ahmed Jassim,0,21,,,IRQ,43818,,1960-05-04,26.1,Goalkeeper,Iraq,IRQ
45285,Al Roubai Ghanim,1,22,,,IRQ,43818,,1961-08-16,24.8,Defender,Iraq,IRQ
44125,Giovanni Galli,0,1,,,ITA,43954,,1958-04-29,28.1,Goalkeeper,Italy,ITA
174391,Giuseppe Bergomi,1,2,,,ITA,43954,,1963-12-22,22.4,Defender,Italy,ITA
174446,Antonio Cabrini,1,3,,,ITA,43954,,1957-10-08,28.6,Defender,Italy,ITA
174475,Fulvio Collovati,1,4,,,ITA,43954,,1957-05-09,29.1,Defender,Italy,ITA
166473,Sebastiano Nela,1,5,,,ITA,43954,,1961-03-13,25.2,Defender,Italy,ITA
44620,Gaetano Scirea,1,6,,,ITA,43954,,1953-05-25,33.0,Defender,Italy,ITA
163028,Roberto Tricella,1,7,,,ITA,43954,,1959-03-18,27.2,Defender,Italy,ITA
44734,Pietro Vierchowod,1,8,,,ITA,43954,,1959-04-06,27.2,Defender,Italy,ITA
174348,Carlo Ancelotti,2,9,,,ITA,43954,,1959-06-10,27.0,Midfielder,Italy,ITA
46060,Salvatore Bagni,2,10,,,ITA,43954,,1956-09-25,29.7,Midfielder,Italy,ITA
174376,Giuseppe Baresi,2,11,,,ITA,43954,,1958-02-07,28.3,Midfielder,Italy,ITA
69324,Franco Tancredi,0,12,,,ITA,43954,,1955-01-10,31.4,Goalkeeper,Italy,ITA
174492,Fernando De Napoli,2,13,,,ITA,43954,,1964-03-15,22.2,Midfielder,Italy,ITA
48492,Antonio Di Gennaro,2,14,,,ITA,43954,,1958-10-05,27.7,Midfielder,Italy,ITA
44684,Marco Tardelli,2,15,,,ITA,43954,,1954-09-24,31.7,Midfielder,Italy,ITA
174477,Bruno Conti,3,16,,,ITA,43954,,1955-03-13,31.2,Striker,Italy,ITA
44732,Gianluca Vialli,3,17,,,ITA,43954,,1964-07-09,21.9,Striker,Italy,ITA
174342,Alessandro Altobelli,3,18,,,ITA,43954,,1955-11-28,30.5,Striker,Italy,ITA
49695,Giuseppe Galderisi,3,19,,,ITA,43954,,1963-03-22,23.2,Striker,Italy,ITA
44582,Paolo Rossi,3,20,,,ITA,43954,,1956-09-23,29.7,Striker,Italy,ITA
44629,Aldo Serena,3,21,,,ITA,43954,,1960-06-25,25.9,Striker,Italy,ITA
44779,Walter Zenga,0,22,,,ITA,43954,,1960-04-28,26.1,Goalkeeper,Italy,ITA
47687,Cho Byung Duk,0,1,,,KOR,43822,,1958-05-26,28.0,Goalkeeper,Korea Republic,KOR
174837,Park Kyung Hoon,1,2,,,KOR,43822,,1961-01-19,25.4,Defender,Korea Republic,KOR
174471,Chung Jong Soo,1,3,,,KOR,43822,,1961-03-27,25.2,Defender,Korea Republic,KOR
47704,Cho Kwang Rae,2,4,,,KOR,43822,,1954-03-19,32.2,Midfielder,Korea Republic,KOR
69328,Chung Yong Hwan,1,5,,,KOR,43822,,1960-02-10,26.3,Defender,Korea Republic,KOR
174699,Lee Tae Ho,3,6,,,KOR,43822,,1961-01-29,25.3,Striker,Korea Republic,KOR
181121,Kim Jong Boo,3,7,,,KOR,43822,,1965-11-03,20.6,Striker,Korea Republic,KOR
230480,Cho Young Jeung,2,8,,,KOR,43822,,1954-08-18,31.8,Midfielder,Korea Republic,KOR
44001,Choi Soon Ho,2,9,,,KOR,43822,,1962-01-10,24.4,Midfielder,Korea Republic,KOR
55941,Park Chang Sun,3,10,,,KOR,43822,,1954-02-02,32.3,Striker,Korea Republic,KOR
174464,Cha Bum Kun,3,11,,,KOR,43822,,1953-05-22,33.0,Striker,Korea Republic,KOR
52199,Kim Pyung Seok,1,12,,,KOR,43822,,1958-09-22,27.7,Defender,Korea Republic,KOR
44444,Noh Soo Jin,2,13,,,KOR,43822,,1962-02-10,24.3,Midfielder,Korea Republic,KOR
43998,Cho Min Kook,1,14,,,KOR,43822,,1963-07-05,22.9,Defender,Korea Republic,KOR
69329,Yoo Byung Ok,1,15,,,KOR,43822,,1964-03-02,22.2,Defender,Korea Republic,KOR
174662,Kim Joo Sung,3,16,,180.0,KOR,43822,,1966-01-17,20.4,Striker,Korea Republic,KOR
51091,Huh Jungmoo,2,17,,177.0,KOR,43822,,1955-01-13,31.4,Midfielder,Korea Republic,KOR
52200,Kim Sam Soo,2,18,,,KOR,43822,,1963-02-08,23.3,Midfielder,Korea Republic,KOR
174444,Byun Byung Joo,2,19,,,KOR,43822,,1961-04-26,25.1,Midfielder,Korea Republic,KOR
52213,Kim Young Se,3,20,,,KOR,43822,,1960-04-21,26.1,Striker,Korea Republic,KOR
50921,Oh Yun Kyo,0,21,,,KOR,43822,,1960-05-25,26.0,Goalkeeper,Korea Republic,KOR
69330,Kang Deuk Soo,3,22,,,KOR,43822,,1961-08-16,24.8,Striker,Korea Republic,KOR
52755,Pablo Larios,0,1,,,MEX,43911,,1960-07-31,25.8,Goalkeeper,Mexico,MEX
59132,Mario Trejo,1,2,,,MEX,43911,,1961-09-18,24.7,Defender,Mexico,MEX
56535,Fernando Quirarte,1,3,,,MEX,43911,,1961-07-07,24.9,Defender,Mexico,MEX
53599,Armando Manzo,1,4,,,MEX,43911,,1958-10-16,27.6,Defender,Mexico,MEX
48078,Francisco Cruz,3,5,,,MEX,43911,,1966-05-24,20.0,Striker,Mexico,MEX
69332,Carlos De Los Cobos,2,6,,,MEX,43911,,1958-12-10,27.5,Midfielder,Mexico,MEX
49132,Miguel Espana,2,7,,,MEX,43911,,1964-12-31,21.4,Midfielder,Mexico,MEX
48667,Alejandro Dominguez,2,8,,,MEX,43911,,1961-11-09,24.6,Midfielder,Mexico,MEX
174153,Hugo Sanchez,3,9,,,MEX,43911,,1958-07-11,27.9,Striker,Mexico,MEX
46876,Tomas Boy,2,10,,,MEX,43911,,1952-06-06,34.0,Midfielder,Mexico,MEX
77282,Carlos Hermosillo,3,11,,,MEX,43911,,1964-08-24,21.8,Striker,Mexico,MEX
57015,Ignacio Rodriguez,0,12,,,MEX,43911,,1956-06-12,30.0,Goalkeeper,Mexico,MEX
45078,Javier Aguirre,3,13,,185.0,MEX,43911,,1958-12-01,27.5,Striker,Mexico,MEX
48076,Felix Cruz,1,14,,,MEX,43911,,1961-04-04,25.2,Defender,Mexico,MEX
174543,Luis Flores,3,15,,,MEX,43911,,1962-08-08,23.8,Striker,Mexico,MEX
54734,Carlos Munoz,2,16,,,MEX,43911,,1962-09-08,23.7,Midfielder,Mexico,MEX
57857,Raul Servin,1,17,,,MEX,43911,,1963-04-29,23.1,Defender,Mexico,MEX
45502,Rafael Amador,1,18,,,MEX,43911,,1957-11-16,28.5,Defender,Mexico,MEX
181123,Javier Hernandez,3,19,,,MEX,43911,,1961-08-01,24.8,Striker,Mexico,MEX
69333,Olaf Heredia,0,20,,,MEX,43911,,1957-10-19,28.6,Goalkeeper,Mexico,MEX
55655,Cristobal Ortega,2,21,,,MEX,43911,,1956-07-25,29.8,Midfielder,Mexico,MEX
174797,Manuel Negrete,2,22,,,MEX,43911,,1959-03-11,27.2,Midfielder,Mexico,MEX
207356,Badou Zaki,0,1,,,MAR,43872,,1959-04-02,27.2,Goalkeeper,Morocco,MAR
52642,Labid Khalifa,1,2,,,MAR,43872,,1955-01-01,31.4,Defender,Morocco,MAR
52717,Abdelmajid Lamriss,1,3,,,MAR,43872,,1959-02-12,27.3,Defender,Morocco,MAR
48934,Mustafa El Biyaz,1,4,,,MAR,43872,,1960-12-12,25.5,Defender,Morocco,MAR
46870,Noureddine Bouyahyaoui,1,5,,,MAR,43872,,1955-01-07,31.4,Defender,Morocco,MAR
48657,Abdelmajid Dolmy,2,6,,,MAR,43872,,1953-04-19,33.1,Midfielder,Morocco,MAR
48955,Mustapha El Hadaoui,2,7,96.0,,MAR,43872,,1961-07-28,24.8,Midfielder,Morocco,MAR
46850,Aziz Bouderbala,2,8,,,MAR,43872,,1960-12-26,25.4,Midfielder,Morocco,MAR
52517,Abdelkarim Krimau,3,9,,,MAR,43872,,1955-01-13,31.4,Striker,Morocco,MAR
58975,Mohamed Timoumi,2,10,,,MAR,43872,,1960-08-25,25.8,Midfielder,Morocco,MAR
54137,Mustafa Merry,3,11,,,MAR,43872,,1958-04-21,28.1,Striker,Morocco,MAR
50917,Salaheddine Hmied,0,12,,,MAR,43872,,1961-09-01,24.7,Goalkeeper,Morocco,MAR
56851,Abdelfettah Rhiati,3,13,,,MAR,43872,,1963-02-25,23.3,Striker,Morocco,MAR
55724,Lahcen Oudani,1,14,,,MAR,43872,,1959-07-14,26.9,Defender,Morocco,MAR
69353,Mohammed El Haddaoui,2,15,,,MAR,43872,,1964-10-21,21.6,Midfielder,Morocco,MAR
45508,Azeddine Amanallah,2,16,,,MAR,43872,,1956-04-07,30.1,Midfielder,Morocco,MAR
52077,Abdelrazzak Khairi,2,17,,,MAR,43872,,1962-11-20,23.5,Midfielder,Morocco,MAR
57318,Mohamed Sahil,3,18,,,MAR,43872,,1963-10-11,22.6,Striker,Morocco,MAR
51547,Fadel Jilal,1,19,,,MAR,43872,,1964-03-04,22.2,Defender,Morocco,MAR
46581,Abdellah Bidar,1,20,,,MAR,43872,,1967-08-19,18.8,Defender,Morocco,MAR
58302,Abdel Aziz Soulaymani,2,21,,,MAR,43872,,1958-04-30,28.1,Midfielder,Morocco,MAR
51024,Abdelfettah Houdani,0,22,,,MAR,43872,,1956-07-30,29.8,Goalkeeper,Morocco,MAR
174639,Pat Jennings,0,1,,,NIR,43952,,1945-06-12,41.0,Goalkeeper,Northern Ireland,NIR
166539,Jimmy Nicholl,1,2,,,NIR,43952,,1956-12-28,29.4,Defender,Northern Ireland,NIR
48672,Mal Donaghy,1,3,,,NIR,43952,,1957-09-13,28.7,Defender,Northern Ireland,NIR
55394,John O Neill,1,4,,,NIR,43952,,1958-03-11,28.2,Defender,Northern Ireland,NIR
53942,Alan Mcdonald,1,5,,,NIR,43952,,1963-10-12,22.6,Defender,Northern Ireland,NIR
53933,David Mccreery,2,6,,,NIR,43952,,1957-09-16,28.7,Midfielder,Northern Ireland,NIR
56087,Steven Penney,3,7,,,NIR,43952,,1964-01-16,22.4,Striker,Northern Ireland,NIR
53965,Sam Mcilroy,2,8,,,NIR,43952,,1954-08-02,31.8,Midfielder,Northern Ireland,NIR
164285,James Quinn,3,9,,,NIR,43952,,1959-11-18,26.5,Striker,Northern Ireland,NIR
44752,Norman Whiteside,3,10,,,NIR,43952,,1965-05-07,21.1,Striker,Northern Ireland,NIR
58440,Ian Stewart,3,11,,,NIR,43952,,1961-09-10,24.7,Striker,Northern Ireland,NIR
56343,Jim Platt,0,12,,,NIR,43952,,1952-01-26,34.3,Goalkeeper,Northern Ireland,NIR
51086,Philip Hughes,0,13,,,NIR,43952,,1964-11-19,21.5,Goalkeeper,Northern Ireland,NIR
45793,Gerry Armstrong,3,14,,,NIR,43952,,1954-05-23,32.0,Striker,Northern Ireland,NIR
60050,Nigel Worthington,1,15,,,NIR,43952,,1961-11-04,24.6,Defender,Northern Ireland,NIR
56675,Paul Ramsey,2,16,,,NIR,43952,,1962-09-03,23.7,Midfielder,Northern Ireland,NIR
47815,Colin Clarke,3,17,,,NIR,43952,,1962-10-30,23.6,Striker,Northern Ireland,NIR
167797,John Mcclelland,1,18,,,NIR,43952,,1955-12-07,30.5,Defender,Northern Ireland,NIR
50531,Billy Hamilton,3,19,,,NIR,43952,,1957-05-09,29.1,Striker,Northern Ireland,NIR
53992,Bernard Mcnally,2,20,,,NIR,43952,,1963-02-17,23.3,Midfielder,Northern Ireland,NIR
47232,David Campbell,2,21,,,NIR,43952,,1965-06-02,21.0,Midfielder,Northern Ireland,NIR
69350,Mark Caughey,3,22,,,NIR,43952,,1960-08-27,25.8,Striker,Northern Ireland,NIR
63566,Roberto Fernandez,0,1,,,PAR,43928,,1954-07-09,31.9,Goalkeeper,Paraguay,PAR
59042,Juan Torales,1,2,,,PAR,43928,,1956-03-09,30.2,Defender,Paraguay,PAR
60236,Cesar Zabala,1,3,,,PAR,43928,,1961-06-03,25.0,Defender,Paraguay,PAR
57679,Vladimiro Schettina,1,4,,,PAR,43928,,1955-10-08,30.6,Defender,Paraguay,PAR
48391,Rogelio Delgado,1,5,,,PAR,43928,,1959-10-12,26.6,Defender,Paraguay,PAR
55317,Jorge Nunez,2,6,,,PAR,43928,,1961-10-18,24.6,Midfielder,Paraguay,PAR
49368,Buenaventura Ferreira,2,7,,,PAR,43928,,1960-07-14,25.9,Midfielder,Paraguay,PAR
57097,Julio Cesar Romero,2,8,,,PAR,43928,,1960-08-28,25.8,Midfielder,Paraguay,PAR
47133,Roberto Cabanas,3,9,,,PAR,43928,,1961-04-11,25.1,Striker,Paraguay,PAR
47254,Adolfino Canete,2,10,,,PAR,43928,,1956-09-13,29.7,Midfielder,Paraguay,PAR
169965,Alfredo Mendoza,3,11,,,PAR,43928,,1963-12-31,22.4,Striker,Paraguay,PAR
46311,Jorge Battaglia,0,12,,,PAR,43928,,1960-05-12,26.1,Goalkeeper,Paraguay,PAR
47155,Virginio Caceres,1,13,,,PAR,43928,,1966-05-21,20.0,Defender,Paraguay,PAR
47131,Luis Caballero,1,14,,,PAR,43928,,1962-09-17,23.7,Defender,Paraguay,PAR
47137,Eufemio Cabral,1,15,,,PAR,43928,,1955-03-21,31.2,Defender,Paraguay,PAR
50279,Jorge Guasch,2,16,,,PAR,43928,,1961-01-17,25.4,Midfielder,Paraguay,PAR
69335,Francisco Alcaraz,2,17,,,PAR,43928,,1960-10-04,25.7,Midfielder,Paraguay,PAR
51296,Evaristo Isasi,3,18,,,PAR,43928,,1955-10-26,30.6,Striker,Paraguay,PAR
69336,Rolando Chilavert,2,19,,,PAR,43928,,1961-05-22,25.0,Midfielder,Paraguay,PAR
50873,Ramon Hicks,3,20,,,PAR,43928,,1960-05-30,26.0,Striker,Paraguay,PAR
69337,Faustino Alonso,3,21,,,PAR,43928,,1961-02-15,25.3,Striker,Paraguay,PAR
69338,Julian Coronel,0,22,,,PAR,43928,,1958-10-23,27.6,Goalkeeper,Paraguay,PAR
174772,Jozef Mlynarczyk,0,1,,,POL,43962,,1953-09-20,32.7,Goalkeeper,Poland,POL
56469,Kazimierz Przybys,1,2,,,POL,43962,,1960-07-11,25.9,Defender,Poland,POL
44784,Wladyslaw Zmuda,1,3,,,POL,43962,,1954-06-06,32.0,Defender,Poland,POL
55709,Marek Ostrowski,1,4,,,POL,43962,,1959-11-22,26.5,Defender,Poland,POL
60006,Roman Wojcicki,1,5,,,POL,43962,,1958-01-08,28.4,Defender,Poland,POL
53859,Waldemar Matysik,2,6,,,POL,43962,,1961-09-27,24.7,Midfielder,Poland,POL
58772,Ryszard Tarasiewicz,2,7,,,POL,43962,,1962-04-27,24.1,Midfielder,Poland,POL
59278,Jan Urban,3,8,,,POL,43962,,1962-05-14,24.0,Striker,Poland,POL
51872,Jan Karas,2,9,,,POL,43962,,1959-03-17,27.2,Midfielder,Poland,POL
53454,Stefan Majewski,1,10,,,POL,43962,,1956-01-31,30.3,Defender,Poland,POL
44647,Wlodimierz Smolarek,3,11,,,POL,43962,,1957-07-16,28.9,Striker,Poland,POL
252815,Jacek Kazimierski,0,12,,,POL,43962,,1959-08-17,26.8,Goalkeeper,Poland,POL
52355,Ryszard Komornicki,2,13,,,POL,43962,,1959-08-14,26.8,Midfielder,Poland,POL
52552,Dariusz Kubicki,1,14,,,POL,43962,,1963-06-06,23.0,Defender,Poland,POL
47055,Andrzej Buncol,2,15,,,POL,43962,,1959-09-21,26.7,Midfielder,Poland,POL
55837,Andrzej Palasz,3,16,,,POL,43962,,1960-07-22,25.9,Striker,Poland,POL
60342,Andrzej Zgutczynski,3,17,,,POL,43962,,1958-01-01,28.4,Striker,Poland,POL
56021,Krzysztof Pawlak,1,18,,,POL,43962,,1958-02-12,28.3,Defender,Poland,POL
59807,Jozef Wandzik,0,19,,,POL,43962,,1963-08-13,22.8,Goalkeeper,Poland,POL
160825,Zbigniew Boniek,3,20,,,POL,43962,,1956-03-03,30.2,Striker,Poland,POL
48820,Dariusz Dziekanowski,2,21,,,POL,43962,,1962-09-30,23.7,Midfielder,Poland,POL
49657,Jan Furtok,3,22,,,POL,43962,,1962-03-09,24.2,Striker,Poland,POL
63675,Bento,0,1,,,POR,43963,,1948-06-25,37.9,Goalkeeper,Portugal,POR
56311,Joao Pinto,1,2,,,POR,43963,,1961-11-21,24.5,Defender,Portugal,POR
58309,Antonio Sousa,2,3,,,POR,43963,,1957-04-28,29.1,Midfielder,Portugal,POR
56860,Ribeiro,2,4,,,POR,43963,,1957-11-02,28.6,Midfielder,Portugal,POR
166525,Alvaro,1,5,,,POR,43963,,1961-01-03,25.4,Defender,Portugal,POR
63677,Carlos Manuel,2,6,,,POR,43963,,1958-01-15,28.4,Midfielder,Portugal,POR
63678,Pacheco,2,7,,,POR,43963,,1958-07-22,27.9,Midfielder,Portugal,POR
49596,Frederico,1,8,,,POR,43963,,1957-04-06,29.1,Defender,Portugal,POR
174566,Gomes,3,9,,,POR,43963,,1956-11-22,29.5,Striker,Portugal,POR
159948,Futre,3,10,,,POR,43963,,1966-02-28,20.3,Striker,Portugal,POR
69356,Bandeirinha,1,11,,,POR,43963,,1962-11-26,23.5,Defender,Portugal,POR
181101,Jorge Martins,0,12,,,POR,43963,,1954-08-22,31.8,Goalkeeper,Portugal,POR
166553,Morato,1,13,,,POR,43963,,1964-11-06,21.6,Defender,Portugal,POR
166518,Jaime Magalhaes,2,14,,,POR,43963,,1962-07-10,23.9,Midfielder,Portugal,POR
69355,Oliveira,1,15,,,POR,43963,,1958-06-08,28.0,Defender,Portugal,POR
63680,Jose Antonio,1,16,,,POR,43963,,1957-10-29,28.6,Defender,Portugal,POR
166526,Diamantino,3,17,,,POR,43963,,1959-08-03,26.8,Striker,Portugal,POR
163084,Sobrinho,1,18,,,POR,43963,,1961-05-05,25.1,Defender,Portugal,POR
159927,Rui Aguas,3,19,,,POR,43963,,1960-04-28,26.1,Striker,Portugal,POR
63676,Inacio,1,20,,,POR,43963,,1955-02-01,31.3,Defender,Portugal,POR
159928,Andre,2,21,,,POR,43963,,1957-12-24,28.4,Midfielder,Portugal,POR
69358,Damas,0,22,,,POR,43963,,1947-10-08,38.6,Goalkeeper,Portugal,POR
174701,Jim Leighton,0,1,,,SCO,43967,,1958-07-24,27.9,Goalkeeper,Scotland,SCO
174572,Richard Gough,1,2,,,SCO,43967,,1962-04-05,24.2,Defender,Scotland,SCO
174731,Maurice Malpas,1,3,,,SCO,43967,,1962-08-03,23.8,Defender,Scotland,SCO
44651,Graeme Souness,2,4,,,SCO,43967,,1953-05-06,33.1,Midfielder,Scotland,SCO
342063,Alex Mcleish,1,5,,,SCO,43967,,1959-01-21,27.4,Defender,Scotland,SCO
54254,Willie Miller,1,6,,,SCO,43967,,1955-05-02,31.1,Defender,Scotland,SCO
58474,Gordon Strachan,2,7,,,SCO,43967,,1957-02-09,29.3,Midfielder,Scotland,SCO
174329,Roy Aitken,2,8,,,SCO,43967,,1958-11-24,27.5,Midfielder,Scotland,SCO
46191,Eamonn Bannon,2,9,,,SCO,43967,,1958-04-18,28.1,Midfielder,Scotland,SCO
174397,Jim Bett,2,10,,,SCO,43967,,1959-11-25,26.5,Midfielder,Scotland,SCO
192863,Paul Mcstay,2,11,,,SCO,43967,,1964-10-22,21.6,Midfielder,Scotland,SCO
174568,Andy Goram,0,12,,,SCO,43967,,1964-04-13,22.1,Goalkeeper,Scotland,SCO
55115,Stephen Nicol,1,13,,,SCO,43967,,1961-12-11,24.5,Defender,Scotland,SCO
54948,David Narey,1,14,,,SCO,43967,,1956-06-12,30.0,Defender,Scotland,SCO
45354,Arthur Albiston,1,15,,,SCO,43967,,1957-07-14,28.9,Defender,Scotland,SCO
53919,Frank Mcavennie,3,16,,,SCO,43967,,1959-11-22,26.5,Striker,Scotland,SCO
45752,Steve Archibald,3,17,,,SCO,43967,,1956-09-27,29.7,Striker,Scotland,SCO
57920,Graeme Sharp,3,18,,,SCO,43967,,1960-10-16,25.6,Striker,Scotland,SCO
55104,Charlie Nicholas,3,19,,,SCO,43967,,1961-12-30,24.4,Striker,Scotland,SCO
163118,Paul Sturrock,3,20,,,SCO,43967,,1956-10-10,29.6,Striker,Scotland,SCO
47952,David Cooper,3,21,,,SCO,43967,,1956-02-25,30.3,Striker,Scotland,SCO
57159,Alan Rough,0,22,,,SCO,43967,,1951-11-25,34.5,Goalkeeper,Scotland,SCO
174487,Rinat Dasaev,0,1,,,RUS,44026,,1957-06-13,29.0,Goalkeeper,Soviet Union,URS
174396,Vladimir Bessonov,1,2,,,RUS,44026,,1958-03-05,28.2,Defender,Soviet Union,URS
47683,Aleksandre Chivadze,1,3,,,GEO,44026,,1955-04-08,31.1,Defender,Soviet Union,URS
54541,Gennadi Morozov,1,4,,,URS,44026,,1962-12-30,23.4,Defender,Soviet Union,URS
44041,Anatoli Demyanenko,1,5,,,RUS,44026,,1959-02-19,27.3,Defender,Soviet Union,URS
47017,Aleksandr Bubnov,1,6,,,URS,44026,,1955-10-10,30.6,Defender,Soviet Union,URS
44768,Ivan Yaremchuk,2,7,,,RUS,44026,,1962-03-19,24.2,Midfielder,Soviet Union,URS
60106,Pavel Yakovenko,2,8,,,URS,44026,,1964-12-19,21.4,Midfielder,Soviet Union,URS
44775,Aleksandr Zavarov,2,9,,,RUS,44026,,1961-04-26,25.1,Midfielder,Soviet Union,URS
166396,Oleg Kuznetsov,1,10,,,UKR,44026,,1963-03-22,23.2,Defender,Soviet Union,URS
174409,Oleg Blokhin,3,11,,,UKR,44026,,1952-11-05,33.6,Striker,Soviet Union,URS
46115,Andrei Bal,2,12,,,UKR,44026,,1958-02-16,28.3,Midfielder,Soviet Union,URS
174710,Gennadi Litovchenko,2,13,,,URS,44026,,1963-09-11,22.7,Midfielder,Soviet Union,URS
56993,Sergei Rodionov,3,14,,,URS,44026,,1962-09-03,23.7,Striker,Soviet Union,URS
167255,Nikolai Larionov,1,15,,,URS,44026,,1957-02-19,29.3,Defender,Soviet Union,URS
181189,Viktor Chanov,0,16,,,RUS,44026,,1959-07-21,26.9,Goalkeeper,Soviet Union,URS
49188,Vadim Yevtushenko,3,17,,,URS,44026,,1958-01-01,28.4,Striker,Soviet Union,URS
174883,Oleg Protasov,3,18,,,UKR,44026,,1964-02-04,22.3,Striker,Soviet Union,URS
174386,Igor Belanov,3,19,,,URS,44026,,1960-09-25,25.7,Striker,Soviet Union,URS
174334,Serguei Aleinikov,2,20,83.0,182.0,BLR,44026,,1961-11-07,24.6,Midfielder,Soviet Union,URS
44552,Vasili Rats,2,21,,,RUS,44026,,1961-03-25,25.2,Midfielder,Soviet Union,URS
69349,Sergei Krakovsky,0,22,,,URS,44026,,1960-08-11,25.8,Goalkeeper,Soviet Union,URS
44789,Andoni Zubizarreta,0,1,,,ESP,43969,,1961-10-23,24.6,Goalkeeper,Spain,ESP
56808,Tomas,1,2,,,ESP,43969,,1960-08-09,25.8,Defender,Spain,ESP
159896,Jose Antonio Camacho,1,3,,,ESP,43969,,1955-06-08,31.0,Defender,Spain,ESP
53341,Antonio Maceda,1,4,,,ESP,43969,,1957-05-16,29.0,Defender,Spain,ESP
166470,Victor,2,5,,,ESP,43969,,1957-03-15,29.2,Midfielder,Spain,ESP
166394,Rafael Gordillo,2,6,,,ESP,43969,,1957-02-24,29.3,Midfielder,Spain,ESP
163644,Juan Antonio Senor,2,7,,,ESP,43969,,1958-08-26,27.8,Midfielder,Spain,ESP
166547,Goiko,1,8,,185.0,ESP,43969,,1956-05-23,30.0,Defender,Spain,ESP
174442,Emilio Butragueno,3,9,,,ESP,43969,,1963-07-22,22.9,Striker,Spain,ESP
47322,Francisco Carrasco,3,10,,,ESP,43969,,1959-03-06,27.2,Striker,Spain,ESP
51698,Julio Alberto,1,11,,,ESP,43969,,1958-10-07,27.6,Defender,Spain,ESP
181140,Quique Setien,3,12,,,ESP,43969,,1958-09-27,27.7,Striker,Spain,ESP
59296,Francisco Urruticoechea,0,13,,,ESP,43969,,1952-02-17,34.3,Goalkeeper,Spain,ESP
49718,Ricardo Gallego,2,14,,,ESP,43969,,1959-02-08,27.3,Midfielder,Spain,ESP
63538,Chendo,1,15,,,ESP,43969,,1961-10-12,24.6,Defender,Spain,ESP
56901,Hipolito Rincon,3,16,,,ESP,43969,,1957-04-28,29.1,Striker,Spain,ESP
167167,Francisco,2,17,,,ESP,43969,,1962-11-01,23.6,Midfielder,Spain,ESP
159846,Ramon Maria Caldere,2,18,,,ESP,43969,,1959-01-16,27.4,Midfielder,Spain,ESP
44594,Julio Salinas,3,19,85.0,188.0,ESP,43969,,1962-09-11,23.7,Striker,Spain,ESP
63581,Eloy,3,20,,,ESP,43969,,1964-07-10,21.9,Striker,Spain,ESP
166466,Michel,2,21,,,ESP,43969,,1963-03-23,23.2,Midfielder,Spain,ESP
174323,Juan Carlos Ablanedo,0,22,,,ESP,43969,,1963-09-02,22.7,Goalkeeper,Spain,ESP
181137,Rodolf Rodriguez,0,1,,,URU,43930,,1956-01-20,30.4,Goalkeeper,Uruguay,URU
174585,Nelson Gutierrez,1,2,,,URU,43930,,1962-04-13,24.1,Defender,Uruguay,URU
44947,Eduardo Acevedo,1,3,,,URU,43930,,1959-09-25,26.7,Defender,Uruguay,URU
48591,Victor Diogo,1,4,,,URU,43930,,1958-04-09,28.1,Defender,Uruguay,URU
46827,Miguel Bossio,2,5,,,URU,43930,,1960-02-10,26.3,Midfielder,Uruguay,URU
174381,Jose Batista,1,6,,,URU,43930,,1962-03-06,24.2,Defender,Uruguay,URU
174345,Antonio Alzamendi,3,7,,,URU,43930,,1956-06-07,30.0,Striker,Uruguay,URU
46256,Jorge Barrios,2,8,,,URU,43930,,1961-01-24,25.3,Midfielder,Uruguay,URU
48152,Jorge Da Silva,3,9,,,URU,43930,,1961-12-11,24.5,Striker,Uruguay,URU
189880,Enzo Francescoli,2,10,,,URU,43930,,1961-11-12,24.5,Midfielder,Uruguay,URU
57553,Sergio Santin,2,11,,,URU,43930,,1956-08-06,29.8,Midfielder,Uruguay,URU
174344,Fernando Alvez,0,12,,,URU,43930,,1959-09-04,26.7,Goalkeeper,Uruguay,URU
69351,Cesar Vega,1,13,,,URU,43930,,1959-09-02,26.7,Defender,Uruguay,URU
56100,Alfonso Pereira,1,14,,,URU,43930,,1956-10-19,29.6,Defender,Uruguay,URU
56940,Eliseo Rivero,1,15,,,URU,43930,,1957-12-27,28.4,Defender,Uruguay,URU
57579,Mario Saralegui,2,16,,,URU,43930,,1959-04-24,27.1,Midfielder,Uruguay,URU
57382,Jose Zalazar,2,17,,,URU,43930,,1963-10-26,22.6,Midfielder,Uruguay,URU
95023,Ruben Paz,2,18,,,URU,43930,,1959-08-08,26.8,Midfielder,Uruguay,URU
56667,Venancio Ramos,3,19,,,URU,43930,,1959-06-20,26.9,Striker,Uruguay,URU
174327,Carlos Aguilera,3,20,,,URU,43930,,1964-09-21,21.7,Striker,Uruguay,URU
47147,Wilmar Cabrera,3,21,,,URU,43930,,1959-07-31,26.8,Striker,Uruguay,URU
181100,Celso Otero,0,22,,182.0,URU,43930,,1958-02-01,28.3,Goalkeeper,Uruguay,URU
